[
  {
    "company_name": "Dental clinic Smile Factory",
    "url": "http://www.smilefactory.cz/",
    "location": "Jakubská 2, 602 00 Brno-střed, Czechia",
    "phone_number": "+420 607 027 707",
    "city": "Brno-střed",
    "category": "Dentist",
    "uses_ads": true,
    "performance_score": 14,
    "lcp_value": 6.6
  },
  {
    "company_name": "Dentema Dentistry Ltd.",
    "url": "http://www.dentema.cz/",
    "location": "4, Joštova 138, Brno-město, 602 00 Brno-střed, Czechia",
    "phone_number": "+420 777 611 464",
    "city": "Brno-město",
    "category": "Dental clinic"
  },
  {
    "company_name": "můj zubní lékař - stomatologické centrum",
    "url": "https://mujzubnilekar.cz/",
    "location": "Jeřábkova 1848/5, 602 00 Brno-střed-Černá Pole, Czechia",
    "phone_number": "+420 704 357 070",
    "city": "Brno-střed-Černá Pole",
    "category": "Dentist",
    "uses_ads": false,
    "performance_score": 57,
    "lcp_value": 1.1
  },
  {
    "company_name": "ichtys DENT Ltd.",
    "url": "http://www.ichtysdent.cz/",
    "location": "Vodní 258, 602 00 Staré Brno, Czechia",
    "phone_number": "+420 602 326 682",
    "city": "Staré Brno",
    "category": "Dentist",
    "uses_ads": false,
    "performance_score": 70,
    "lcp_value": 2.1
  },
  {
    "company_name": "Altadent, spol. s r.o.",
    "url": "http://www.altadent.cz/",
    "location": "Merhautova 1070/224, 613 00 Brno-sever-Černá Pole, Czechia",
    "phone_number": "+420 734 421 379",
    "city": "Brno-sever-Černá Pole",
    "category": "Dentist",
    "uses_ads": false,
    "performance_score": 68,
    "lcp_value": 1.3
  },
  {
    "company_name": "ČESKÝ ZUBAŘ s.r.o.",
    "url": "http://www.ceskyzubar.cz/",
    "location": "Jílová 29b, 639 00 Brno-střed, Czechia",
    "phone_number": "+420 608 540 099",
    "city": "Brno-střed",
    "category": "Dentist",
    "uses_ads": true,
    "performance_score": 68,
    "lcp_value": 4.5
  },
  {
    "company_name": "DentArt Brno Ltd.",
    "url": "http://www.dentartbrno.cz/",
    "location": "Kozí 705/5, 602 00 Brno-střed, Czechia",
    "phone_number": "+420 773 086 548",
    "city": "Brno-střed",
    "category": "Dentist",
    "uses_ads": true,
    "performance_score": 75,
    "lcp_value": 2.8
  },
  {
    "company_name": "MDDr. Ondřej Kříž",
    "url": "http://www.supradent.cz/",
    "location": "Žampachova 1720/3, 613 00 Brno-sever, Czechia",
    "phone_number": "+420 607 885 288",
    "city": "Brno-sever",
    "category": "Dental clinic",
    "uses_ads": false,
    "performance_score": 80,
    "lcp_value": 1.9
  },
  {
    "company_name": "MDDr. Marwan Sajed - Stomasters",
    "url": "https://stomasters.cz/",
    "location": "Drobného 312/48, 602 00 Brno-sever, Czechia",
    "phone_number": "+420 774 570 271",
    "city": "Brno-sever",
    "category": "Dentist",
    "uses_ads": false,
    "performance_score": 97,
    "lcp_value": 1.0
  },
  {
    "company_name": "Stomatologické centrum DIENTE",
    "url": "https://www.diente.cz/",
    "location": "Sochorova 40, 616 00 Brno-Žabovřesky, Czechia",
    "phone_number": "+420 511 444 370",
    "city": "Brno-Žabovřesky",
    "category": "Dentist",
    "uses_ads": true,
    "performance_score": 31,
    "lcp_value": 3.7
  },
  {
    "company_name": "ŠikovníZubaři.cz",
    "url": "http://www.sikovnizubari.cz/",
    "location": "Horníkova 2485, 628 00 Brno-Líšeň, Czechia",
    "phone_number": "+420 544 134 204",
    "city": "Líšeň",
    "category": "Dental clinic",
    "uses_ads": true,
    "performance_score": 90,
    "lcp_value": 1.4
  },
  {
    "company_name": "OVdent s.r.o.",
    "url": "http://ovdent.cz/",
    "location": "Lidická 63a, 602 00 Brno-střed, Czechia",
    "phone_number": "+420 773 952 603",
    "city": "Brno-střed",
    "category": "Dentist",
    "uses_ads": true,
    "performance_score": 55,
    "lcp_value": 3.9
  },
  {
    "company_name": "Zubní klinika Dali.Dent.",
    "url": "http://www.dalident.cz/",
    "location": "Lesnická 1802, 613 00 Brno-sever, Czechia",
    "phone_number": "+420 776 858 768",
    "city": "Brno-sever",
    "category": "Dentist",
    "uses_ads": true,
    "performance_score": 89,
    "lcp_value": 1.3
  },
  {
    "company_name": "Zubní klinika IrisDent",
    "url": "http://www.irisdent.cz/",
    "location": "Masarykova 506/37, 602 00 Brno-střed, Czechia",
    "phone_number": "+420 777 050 455",
    "city": "Brno-střed",
    "category": "Dentist",
    "uses_ads": true,
    "performance_score": 90,
    "lcp_value": 1.0
  },
  {
    "company_name": "Excellent Dent",
    "url": "http://excellentdent.cz/",
    "location": "14, U Pošty 402, 625 00 Brno-Starý Lískovec, Czechia",
    "phone_number": "+420 721 024 950",
    "city": "Brno-Starý Lískovec",
    "category": "Dentist",
    "uses_ads": true,
    "performance_score": 82,
    "lcp_value": 1.5
  },
  {
    "company_name": "Zubní centrum Rostislavovo náměstí",
    "url": "https://www.zubnivbrne.cz/rostislavovo-namesti/",
    "location": "Rostislavovo nám. 15, 612 00 Brno-Královo Pole, Czechia",
    "phone_number": "+420 739 373 083",
    "city": "Brno-Královo Pole",
    "category": "Dental clinic",
    "uses_ads": true,
    "performance_score": 69,
    "lcp_value": 1.5
  },
  {
    "company_name": "Eurostom, Ltd.",
    "url": "http://www.eurostom.cz/",
    "location": "Úzká 488/8, 602 00 Brno-střed, Czechia",
    "phone_number": "+420 775 743 303",
    "city": "Brno-střed",
    "category": "Dentist",
    "uses_ads": false,
    "performance_score": 80,
    "lcp_value": 2.8
  },
  {
    "company_name": "MD. Igor Tejkal",
    "url": "https://www.stomatologie-tejkal.cz/",
    "location": "Chvalovka 1331, 635 00 Brno-Bystrc, Czechia",
    "phone_number": "+420 608 238 553",
    "city": "Brno-Bystrc",
    "category": "Dentist",
    "uses_ads": true,
    "performance_score": 55,
    "lcp_value": 2.5
  },
  {
    "company_name": "Stomatologické centrum Skydent",
    "url": "http://www.skydent.cz/",
    "location": "Pisárecká 269/6, 603 00 Brno-Kohoutovice-Pisárky, Czechia",
    "phone_number": "+420 547 215 502",
    "city": "Brno-Kohoutovice-Pisárky",
    "category": "Dentist",
    "uses_ads": false,
    "performance_score": 60,
    "lcp_value": 4.2
  },
  {
    "company_name": "Karident Ltd. - Dental Center",
    "url": "http://karident.cz/",
    "location": "Purkyňova 97a, 612 00 Brno-Královo Pole, Czechia",
    "phone_number": "+420 777 929 553",
    "city": "Brno-Královo Pole",
    "category": "Dental clinic",
    "uses_ads": false,
    "performance_score": 56,
    "lcp_value": 2.2
  },
  {
    "company_name": "Zubař - DobrýDent Dental Studio",
    "url": "http://www.dobrydent.cz/",
    "location": "J. Plachty 535/16, 150 00 Praha 5-Smíchov, Czechia",
    "phone_number": "+420 774 126 537",
    "city": "Prague 5-Smíchov",
    "category": "Dentist",
    "uses_ads": true,
    "performance_score": 66,
    "lcp_value": 3.0
  },
  {
    "company_name": "KissDent Ltd.",
    "url": "http://www.kissdent.cz/",
    "location": "Senovážné nám. 978/23, 110 00 Nové Město, Czechia",
    "phone_number": "+420 739 349 926",
    "city": "New Town",
    "category": "Dental clinic",
    "uses_ads": true,
    "performance_score": 56,
    "lcp_value": 2.0
  },
  {
    "company_name": "Dentry - zubař Praha",
    "url": "https://dentry.cz/",
    "location": "Senovážné nám. 8, 110 00 Nové Město, Czechia",
    "phone_number": "+420 773 523 322",
    "city": "New Town",
    "category": "Dentist",
    "uses_ads": true,
    "performance_score": 81,
    "lcp_value": 2.5
  },
  {
    "company_name": "ProMag Dental s.r.o",
    "url": "https://zubni-lekar-praha.cz/",
    "location": "Hostinského 1536/7, 155 00 Praha 13-Stodůlky, Czechia",
    "phone_number": "+420 727 933 002",
    "city": "Prague 13-Stodůlky",
    "category": "Dental clinic",
    "uses_ads": false,
    "performance_score": 92,
    "lcp_value": 0.9
  },
  {
    "company_name": "Stomatologická klinika dSmile",
    "url": "https://www.dsmile.cz/",
    "location": "V Zářezu 902/2, 158 00 Praha 5, Czechia",
    "phone_number": "+420 777 212 070",
    "city": "Prague 5",
    "category": "Dentist",
    "uses_ads": false,
    "performance_score": 33,
    "lcp_value": 12.7
  },
  {
    "company_name": "STOMATOLOGIE Budečská",
    "url": "http://budecska.cz/",
    "location": "Budečská 35, 120 00 Vinohrady, Czechia",
    "phone_number": "+420 777 013 650",
    "city": "Vinohrady",
    "category": "Dentist",
    "uses_ads": false,
    "performance_score": 44,
    "lcp_value": 3.6
  },
  {
    "company_name": "Sharkdent s.r.o. - Rodinný zubař Praha 4",
    "url": "http://www.sharkdent.cz/",
    "location": "Baarova 66/13, 140 00 Praha 4, Czechia",
    "phone_number": "+420 241 484 722",
    "city": "Prague 4",
    "category": "Dentist",
    "uses_ads": false,
    "performance_score": 33,
    "lcp_value": 8.8
  },
  {
    "company_name": "Doctor Dent",
    "url": "https://doctordent.cz/",
    "location": "Slezská 113, 130 00 Praha 3-Vinohrady, Czechia",
    "phone_number": "+420 739 425 600",
    "city": "Prague 3-Vinohrady",
    "category": "Dental clinic",
    "uses_ads": true,
    "performance_score": 73,
    "lcp_value": 3.2
  },
  {
    "company_name": "Dentario - Váš zubař Praha 4",
    "url": "http://www.dentario.cz/",
    "location": "Ohradní 1440, 140 00 Praha 4, Czechia",
    "phone_number": "+420 792 305 017",
    "city": "Prague 4",
    "category": "Dentist",
    "uses_ads": false,
    "performance_score": 68,
    "lcp_value": 4.9
  },
  {
    "company_name": "Zubní lékař MARYANA KOVALCHUK - Holistic Denta and Physio Centre s.r.o",
    "url": "https://www.znamylekar.cz/maryana-kovalchuk/zubar/praha?address-id=139904#address-id=%5B139904%5D&filters%5Bspecializations%5D%5B%5D=40",
    "location": "Na Poříčním právu 376/1, 128 00 Nové Město, Czechia",
    "phone_number": "+420 720 947 967",
    "city": "New Town",
    "category": "Dental clinic"
  },
  {
    "company_name": "Ludana s.r.o.",
    "url": "http://ludana.katalog-stomatologu.cz/",
    "location": "Doudova 652, 147 00 Praha 4-Podolí, Czechia",
    "phone_number": "+420 721 302 005",
    "city": "Prague 4-Podolí",
    "category": "Dental clinic",
    "uses_ads": true,
    "performance_score": 59,
    "lcp_value": 2.1
  },
  {
    "company_name": "Dental Surgery LaDenta",
    "url": "http://www.ladenta.cz/",
    "location": "Jateční 252/35, 170 00 Praha 7-Holešovice, Czechia",
    "phone_number": "+420 221 228 048",
    "city": "Prague 7-Holešovice",
    "category": "Dentist",
    "uses_ads": true,
    "performance_score": 72,
    "lcp_value": 3.9
  },
  {
    "company_name": "Stomatologie Letná",
    "url": "http://www.stomatologie-letna.cz/",
    "location": "Ovenecká 78/33, 170 00 Praha 7-Bubeneč, Czechia",
    "phone_number": "+420 775 365 761",
    "city": "Prague 7-Bubeneč",
    "category": "Dentist",
    "uses_ads": true,
    "performance_score": 76,
    "lcp_value": 2.2
  },
  {
    "company_name": "Salius Medical Group",
    "url": "https://salius.cz/",
    "location": "43, Přemyslovská 2845, Žižkov, 130 00 Praha 3, Czechia",
    "phone_number": "+420 702 027 088",
    "city": "Prague 3-Žižkov",
    "category": "Dentist",
    "uses_ads": true,
    "performance_score": 60,
    "lcp_value": 1.9
  },
  {
    "company_name": "Premium Dental Care",
    "url": "http://www.premiumdental.cz/",
    "location": "Pobřežní 620/3, 186 00 Karlín, Czechia",
    "phone_number": "+420 777 788 304",
    "city": "Karlín",
    "category": "Dentist",
    "uses_ads": false,
    "performance_score": 62,
    "lcp_value": 1.8
  },
  {
    "company_name": "Stomatologická klinika Laila",
    "url": "https://lailaclinic.cz/",
    "location": "35, Sokolská 1638, Nové Město, 120 00 Praha, Czechia",
    "phone_number": "+420 732 200 364",
    "city": "New Town",
    "category": "Dentist",
    "uses_ads": true,
    "performance_score": 79,
    "lcp_value": 2.4
  },
  {
    "company_name": "Dentální centrum Podkovka, s.r.o. - zubař Praha 4",
    "url": "http://www.podkovka.cz/",
    "location": "4, Na Podkovce 270, Podolí, 147 00 Praha 4, Czechia",
    "phone_number": "+420 725 094 931",
    "city": "Prague 4-Podolí",
    "category": "Dentist",
    "uses_ads": true,
    "performance_score": 88,
    "lcp_value": 0.7
  },
  {
    "company_name": "Stomatologická klinika Kvalident",
    "url": "http://www.kvalident.cz/",
    "location": "Trojická 1910/7, 128 00 Nové Město, Czechia",
    "phone_number": "+420 731 832 518",
    "city": "New Town",
    "category": "Dental clinic",
    "uses_ads": true,
    "performance_score": 68,
    "lcp_value": 2.9
  },
  {
    "company_name": "Dental Center Urbanek Ltd.",
    "url": "http://www.zubni-praha.cz/",
    "location": "Pštrossova 10, 110 00 Nové Město, Czechia",
    "phone_number": "+420 777 873 505",
    "city": "New Town",
    "category": "Dentist",
    "uses_ads": false,
    "performance_score": 96,
    "lcp_value": 0.9
  },
  {
    "company_name": "Zubní klinika CLINIC+. Centrum dentální péče",
    "url": "https://clinic-plus.cz/",
    "location": "Vršovická 1461/64, 101 00 Praha 10-Vršovice, Czechia",
    "phone_number": "+420 222 944 444",
    "city": "Prague 10-Vršovice",
    "category": "Dentist",
    "uses_ads": true,
    "performance_score": 97,
    "lcp_value": 1.0
  },
  {
    "company_name": "MUDr. Marek Boška",
    "url": "https://www.stomatochirurgiebrno.cz/",
    "location": "Dobrovského 2199/23, 612 00 Brno-Královo Pole, Czechia",
    "phone_number": "+420 723 964 875",
    "city": "Brno-Královo Pole",
    "category": "Dentist",
    "uses_ads": true,
    "performance_score": 97,
    "lcp_value": 0.7
  },
  {
    "company_name": "Střechy Gregor Střešní systémy s.r.o.",
    "url": "http://www.gregor-strechy.cz/",
    "location": "Československé armády 63, 715 00 Ostrava 15, Czechia",
    "phone_number": "+420 604 105 698",
    "city": null,
    "category": "Roofing contractor",
    "uses_ads": false,
    "performance_score": 83,
    "lcp_value": 1.7
  },
  {
    "company_name": "Miroslav Kohoutek, klempířské, pokrývačské, tesařské práce",
    "url": "http://www.kstrechy.cz/",
    "location": "Jaromíra Matuška 55/13, 700 30 Ostrava-jih-Dubina, Czechia",
    "phone_number": "+420 603 788 504",
    "city": "Ostrava-jih-Dubina",
    "category": "Building firm",
    "uses_ads": true,
    "performance_score": 76,
    "lcp_value": 2.2
  },
  {
    "company_name": "Klempířství - Věroslav Václavík",
    "url": "https://klempirstvi-vaclavik.cz/",
    "location": "Výdušná 393/7, 711 00 Slezská Ostrava-Koblov, Czechia",
    "phone_number": "+420 603 807 546",
    "city": "Slezská Ostrava-Koblov",
    "category": "Roofing contractor",
    "uses_ads": true,
    "performance_score": 87,
    "lcp_value": 1.2
  },
  {
    "company_name": "VIŠŇOVSKÝ Jaroslav AZ STŘECHY",
    "url": "http://www.strechyostrava-visnovsky.cz/",
    "location": "Gruntovní 770/6, 713 00 Slezská Ostrava-Heřmanice, Czechia",
    "phone_number": "+420 603 414 998",
    "city": "Slezská Ostrava-Heřmanice",
    "category": "Roofing contractor",
    "uses_ads": false,
    "performance_score": 86,
    "lcp_value": 1.9
  },
  {
    "company_name": "Střechy Ostrava",
    "url": "https://www.strechy-ostrava.cz/napiste-nam",
    "location": "Tlapákova 1194/18, 700 30 Ostrava-jih-Hrabůvka, Czechia",
    "phone_number": "+420 777 866 010",
    "city": "Ostrava-jih-Hrabůvka",
    "category": "Contractor",
    "uses_ads": false,
    "performance_score": 91,
    "lcp_value": 0.7
  },
  {
    "company_name": "Šichnárek, spol. S R.o.",
    "url": "http://www.sichnarek.cz/",
    "location": "Šaljapinova 5301, 722 00 Ostrava 22, Czechia",
    "phone_number": "+420 596 966 036",
    "city": null,
    "category": "Roofing contractor",
    "uses_ads": false,
    "performance_score": 98,
    "lcp_value": 0.8
  },
  {
    "company_name": "Adam & Roman Střechy s.r.o.",
    "url": "http://www.adamromanstrechy.cz/",
    "location": "Na Peřeji 209, 724 00 Ostrava 24, Czechia",
    "phone_number": "+420 608 960 439",
    "city": null,
    "category": "Construction company",
    "uses_ads": true,
    "performance_score": 71,
    "lcp_value": 7.1
  },
  {
    "company_name": "Pavel Kalocsai",
    "url": "http://www.strechykapa.cz/",
    "location": "Bělská 979/29c, Ostrava 20, 720 00 Ostrava, Czechia",
    "phone_number": "+420 731 731 229",
    "city": "Ostrava",
    "category": "Roofing contractor",
    "uses_ads": false,
    "performance_score": 56,
    "lcp_value": 6.9
  },
  {
    "company_name": "STŘECHY MAJER s.r.o.",
    "url": "http://www.strechymajer.cz/",
    "location": "Cihelní 69, 702 00 Moravská Ostrava a Přívoz, Czechia",
    "phone_number": "+420 596 619 101",
    "city": "Moravská Ostrava a Přívoz",
    "category": "Construction company",
    "uses_ads": true,
    "performance_score": 78,
    "lcp_value": 2.3
  },
  {
    "company_name": "Dach Moravia S.r.o.",
    "url": "http://www.dachmoravia.cz/",
    "location": "Prokopa Velikého 196, 703 00 Ostrava 3, Czechia",
    "phone_number": "+420 596 614 272",
    "city": null,
    "category": "Repairs",
    "uses_ads": false,
    "performance_score": 100,
    "lcp_value": 0.2
  },
  {
    "company_name": "AR Střechy Ostrava",
    "url": "https://arstrechy.cz/",
    "location": "Severní 1/1306, 739 32 Vratimov 1, Czechia",
    "phone_number": "+420 725 837 116",
    "city": null,
    "category": "Building firm",
    "uses_ads": false,
    "performance_score": 81,
    "lcp_value": 0.8
  },
  {
    "company_name": "MV střešní pohotovost & MV Alu Roof",
    "url": "http://www.mvstresnipohotovost.cz/",
    "location": "U Důlňáku 755/10, 717 00 Ostrava 17, Czechia",
    "phone_number": "+420 734 711 605",
    "city": null,
    "category": "Roofing contractor",
    "uses_ads": false,
    "performance_score": 85,
    "lcp_value": 1.8
  },
  {
    "company_name": "Komenda - Střechy s.r.o. | Střechy Ostrava a okolí | Klempířské, pokrývačské, tesařské práce",
    "url": "https://www.komendastrechy.cz/",
    "location": "Těšínská 1800, 739 34 Šenov u Ostravy, Czechia",
    "phone_number": "+420 602 713 509",
    "city": null,
    "category": "Roofing contractor",
    "uses_ads": true,
    "performance_score": 100,
    "lcp_value": 0.4
  },
  {
    "company_name": "Střechmont - Stav S.r.o.",
    "url": "http://www.strechmont.cz/",
    "location": "Pavlovova 3073/36, 700 30 Ostrava-jih, Czechia",
    "phone_number": "+420 603 874 313",
    "city": "Ostrava-jih",
    "category": "Construction company",
    "uses_ads": false,
    "performance_score": 44,
    "lcp_value": 3.1
  },
  {
    "company_name": "RED Střechy s.r.o.",
    "url": "http://redstrechy.cz/",
    "location": "Stodolní 1785/31, 702 00 Moravská Ostrava a Přívoz, Czechia",
    "phone_number": "+420 605 168 769",
    "city": "Moravská Ostrava a Přívoz",
    "category": "Roofing contractor"
  },
  {
    "company_name": "R3stav s.r.o.",
    "url": "http://www.r3stav.cz/",
    "location": "Františka a Anny Ryšových 1279/18, 721 00 Ostrava 21, Czechia",
    "phone_number": "+420 777 004 766",
    "city": null,
    "category": "Construction company",
    "uses_ads": true,
    "performance_score": 96,
    "lcp_value": 0.6
  },
  {
    "company_name": "Equal Studio Liberec – Střihy, Barvení, Péče o vlasy",
    "url": "https://equalstudio.cz/?utm_source=GMB&utm_medium=ORGANIC&utm_campaign=seomatica",
    "location": "Moskevská 658, 460 01 Liberec, Czechia",
    "phone_number": "+420 608 661 292",
    "city": "Liberec",
    "category": "Hairdresser",
    "uses_ads": false,
    "performance_score": 97,
    "lcp_value": 0.5
  },
  {
    "company_name": "Kadeřnický salon MOOD",
    "url": "http://www.salonmood.cz/",
    "location": "Cidlinská 138/2, 460 15 Liberec-Starý Harcov, Czechia",
    "phone_number": "+420 734 696 969",
    "city": "Liberec-Starý Harcov",
    "category": "Hairdresser",
    "uses_ads": false,
    "performance_score": 93,
    "lcp_value": 1.4
  },
  {
    "company_name": "Salon H2O2",
    "url": "http://www.salon-h2o2.cz/",
    "location": "Tyršova 508, 460 01 Tyršova 508, 46001 Liberec 5, Czechia",
    "phone_number": "+420 486 112 928",
    "city": "Tyršova 508, 46001 Liberec 5-Liberec",
    "category": "Hairdresser",
    "uses_ads": false,
    "performance_score": 93,
    "lcp_value": 1.5
  },
  {
    "company_name": "kadeřnictví Andrea Liberec",
    "url": "https://andrea-kadernictvi.cz/?lang=cs&utm_source=search.seznam.cz&utm_medium=ppd&utm_content=hledani&utm_term=kadernictvi%20liberec&utm_campaign=firmy.cz-12975846",
    "location": "Hrazená 906, 460 07 Liberec, Czechia",
    "phone_number": "+420 605 063 688",
    "city": "Liberec",
    "category": "Hair salon"
  },
  {
    "company_name": "Shairent - kadeřnictví, manikúra.",
    "url": "https://www.shairent.cz/",
    "location": "Na Jezírku 335/10, 460 06 Liberec-Rochlice, Czechia",
    "phone_number": "+420 737 849 977",
    "city": "Liberec-Rochlice",
    "category": "Hair salon",
    "uses_ads": false,
    "performance_score": 40,
    "lcp_value": 2.7
  },
  {
    "company_name": "BK hair",
    "url": "https://instagram.com/bk_hair_panske_kadernictvi_?igshid=Mzc1MmZhNjY=",
    "location": "Letná 566/29, 460 01 Liberec-Staré Pavlovice, Czechia",
    "phone_number": "+420 704 317 611",
    "city": "Liberec-Staré Pavlovice",
    "category": "Hairdresser",
    "uses_ads": true,
    "performance_score": 37,
    "lcp_value": 5.4
  },
  {
    "company_name": "Studio done",
    "url": "https://www.studiodone.cz/",
    "location": "Husova 24/7, 460 01 Liberec, Czechia",
    "phone_number": "+420 608 700 083",
    "city": "Liberec",
    "category": "Hairdresser",
    "uses_ads": false,
    "performance_score": 95,
    "lcp_value": 0.5
  },
  {
    "company_name": "Kadeřnictví Lesí",
    "url": "https://kadernictvi-lesi.cz/",
    "location": "Jablonecká 1270/7, 460 01 Liberec-Staré Město, Czechia",
    "phone_number": "+420 722 733 983",
    "city": "Liberec-Staré Město",
    "category": "Hairdresser",
    "uses_ads": false,
    "performance_score": 72,
    "lcp_value": 0.9
  },
  {
    "company_name": "Holičství 24",
    "url": "https://holicstvi24.cz/",
    "location": "5. května 73, 460 01 Liberec, Czechia",
    "phone_number": "+420 735 002 008",
    "city": "Liberec",
    "category": "Barber shop",
    "uses_ads": true,
    "performance_score": 94,
    "lcp_value": 1.1
  },
  {
    "company_name": "Kadeřnictví 007",
    "url": "https://www.facebook.com/Kade%C5%99nictv%C3%AD-007-Pansk%C3%A9D%C4%9Btsk%C3%A9-118531075283208",
    "location": "19, Vítězná 665, 460 01 Liberec, Czechia",
    "phone_number": "+420 704 750 141",
    "city": "Liberec",
    "category": "Hairdresser",
    "uses_ads": false,
    "performance_score": 96,
    "lcp_value": 0.9
  },
  {
    "company_name": "Hanky Hair studio",
    "url": "http://www.hanky.cz/",
    "location": "U Nisy 7, 460 07 Liberec, Czechia",
    "phone_number": "+420 773 967 373",
    "city": "Liberec",
    "category": "Hairdresser",
    "uses_ads": false,
    "performance_score": 97,
    "lcp_value": 0.9
  },
  {
    "company_name": "Kadeřnictví Klier - OC Nisa",
    "url": "http://www.klier.cz/",
    "location": "463 12, České mládeže 456, Doubí, 463 12 Liberec, Czechia",
    "phone_number": "+420 485 134 812",
    "city": "Liberec-Doubí",
    "category": "Hairdresser",
    "uses_ads": true,
    "performance_score": 81,
    "lcp_value": 1.1
  },
  {
    "company_name": "Haaro Naturo",
    "url": "https://www.haaro-naturo.cz/",
    "location": "5, Chelčického 293, Kristiánov, 460 05 Liberec, Czechia",
    "phone_number": "+420 775 374 065",
    "city": "Liberec-Kristiánov",
    "category": "Hairdresser",
    "uses_ads": true,
    "performance_score": 55,
    "lcp_value": 2.0
  },
  {
    "company_name": "thePLACE. Kadeřnictví & Barber shop",
    "url": "http://www.studiotheplace.cz/",
    "location": "Růžová 323, 460 01 Liberec-Nové Město, Czechia",
    "phone_number": "+420 606 666 313",
    "city": "Liberec-Nové Město",
    "category": "Hairdresser",
    "uses_ads": true,
    "performance_score": 82,
    "lcp_value": 2.4
  },
  {
    "company_name": "Elektroelara Olomouc - elektrikáři",
    "url": "https://elektroelara.cz/olomouc.html",
    "location": "E. Beneše 332/7 779 00, 9 Olomouc 9, Czechia",
    "phone_number": "+420 776 180 686",
    "city": null,
    "category": "Electrician",
    "uses_ads": true,
    "performance_score": 81,
    "lcp_value": 2.2
  },
  {
    "company_name": "Elektro s lidskou tváří s.r.o.",
    "url": "http://www.eslt.cz/",
    "location": "Hamerská 304/12, 779 00 Olomouc 9-Holice, Czechia",
    "phone_number": "+420 723 822 384",
    "city": "Holice",
    "category": "Electrical installation service",
    "uses_ads": false,
    "performance_score": 37,
    "lcp_value": 26.1
  },
  {
    "company_name": "Elektro - instalace Olomouc",
    "url": "https://olomouc-elektrikar.cz/",
    "location": "Ondřejova 489/13, 779 00 Olomouc 9-Chválkovice, Czechia",
    "phone_number": "+420 605 441 163",
    "city": "Chválkovice",
    "category": "Electrical installation service",
    "uses_ads": false,
    "performance_score": 95,
    "lcp_value": 1.4
  },
  {
    "company_name": "KUBISTECH - KuGa Group s.r.o. - Elektrikář",
    "url": "https://www.kubistech.cz/",
    "location": "Věry Pánkové 829/2, 779 00 Olomouc 9, Czechia",
    "phone_number": "+420 770 142 512",
    "city": null,
    "category": "Electrician",
    "uses_ads": true,
    "performance_score": 90,
    "lcp_value": 0.9
  },
  {
    "company_name": "Elektro OLOMOUC",
    "url": "https://www.elektroolomouc.cz/",
    "location": "9 - Řepčín Olomouc 9 - Řepčín CZ, Břetislavova 257/1, 779 00 Olomouc, Czechia",
    "phone_number": "+420 774 970 731",
    "city": null,
    "category": "Electrical installation service",
    "uses_ads": false,
    "performance_score": 97,
    "lcp_value": 0.8
  },
  {
    "company_name": "Elektro Beranek",
    "url": "https://www.elektroberanek.com/",
    "location": "9 Olomouc 9 CZ, 8. května 27, 779 00 Olomouc, Czechia",
    "phone_number": "+420 777 173 661",
    "city": null,
    "category": "Electrician",
    "uses_ads": false,
    "performance_score": 60,
    "lcp_value": 3.8
  },
  {
    "company_name": "JRQ Elektro",
    "url": "https://www.jrqelektro.cz/",
    "location": "Werichova 641/16, 779 00 Olomouc 9, Czechia",
    "phone_number": "+420 604 553 483",
    "city": null,
    "category": "Electrician",
    "uses_ads": true,
    "performance_score": 89,
    "lcp_value": 1.5
  },
  {
    "company_name": "HEINZ-ELEKTRO s.r.o.",
    "url": "https://www.heinz-elektro.cz/",
    "location": "Dolní Novosadská 58/72, 779 00 Olomouc 9, Czechia",
    "phone_number": "+420 585 414 277",
    "city": null,
    "category": "Electrical installation service",
    "uses_ads": false,
    "performance_score": 69,
    "lcp_value": 3.0
  },
  {
    "company_name": "Elektromontáže BLESK, s.r.o.",
    "url": "http://www.elektromontazeblesk.com/",
    "location": "Na Zákopě 452/1A, 779 00 Olomouc 9, Czechia",
    "phone_number": "+420 585 316 269",
    "city": null,
    "category": "Electrical installation service",
    "uses_ads": false,
    "performance_score": 76,
    "lcp_value": 3.1
  },
  {
    "company_name": "ELMO - SA, spol. s r.o. - elektromontáže Olomouc",
    "url": "http://www.elmo-sa.cz/",
    "location": "Týnecká 1119/43, 779 00 Olomouc 9, Czechia",
    "phone_number": "+420 735 116 959",
    "city": null,
    "category": "Electrical installation service",
    "uses_ads": false,
    "performance_score": 93,
    "lcp_value": 1.2
  },
  {
    "company_name": "Elektropráce Spáčil S.r.o.",
    "url": "http://www.elspa.cz/",
    "location": "117, I. P. Pavlova 725, Nová Ulice, 779 00 Olomouc, Czechia",
    "phone_number": "+420 585 417 287",
    "city": "Nová Ulice",
    "category": "Electrical installation service",
    "uses_ads": false,
    "performance_score": 94,
    "lcp_value": 1.4
  },
  {
    "company_name": "Lubomír Kaštovský",
    "url": "http://www.lkelektro.olomoucko.com/",
    "location": "U Dvora 649, 779 00 Olomouc 9, Czechia",
    "phone_number": "+420 585 414 500",
    "city": null,
    "category": "Contractor"
  },
  {
    "company_name": "ELEKTRO-BAU OLOMOUC, s.r.o.",
    "url": "https://www.elektrobau.cz/",
    "location": "Příčná 129/3, 779 00 Olomouc 9-Hodolany, Czechia",
    "phone_number": "+420 585 383 296",
    "city": "Hodolany",
    "category": "Corporate office",
    "uses_ads": false,
    "performance_score": 72,
    "lcp_value": 6.2
  },
  {
    "company_name": "Elektro poruchová a havarijní služba Olomouc",
    "url": "https://www.poruchovasluzba.cz/",
    "location": "Tovární 1064, 779 00 Olomouc 9, Czechia",
    "phone_number": "+420 723 822 384",
    "city": null,
    "category": "Electrician",
    "uses_ads": false,
    "performance_score": 99,
    "lcp_value": 0.7
  },
  {
    "company_name": "Komplet elektro Michal Šporik",
    "url": "http://www.kompletelektro.cz/",
    "location": "Trnkova 538/11, 779 00 Olomouc 9, Czechia",
    "phone_number": "+420 724 588 881",
    "city": null,
    "category": "Electrical installation service",
    "uses_ads": false,
    "performance_score": 95,
    "lcp_value": 0.9
  },
  {
    "company_name": "EMONTAS, s.r.o.",
    "url": "https://www.emontas.cz/",
    "location": "Jiráskova 1273/7a, 779 00 Olomouc 9-Hodolany, Czechia",
    "phone_number": "+420 737 249 300",
    "city": "Hodolany",
    "category": "Electrical installation service",
    "uses_ads": true,
    "performance_score": 92,
    "lcp_value": 1.6
  },
  {
    "company_name": "Petr Kvapil",
    "url": "http://www.pkelektro.cz/",
    "location": "I. P. Pavlova 1013, 779 00 Olomouc 9-Nová Ulice, Czechia",
    "phone_number": "+420 608 774 258",
    "city": "Nová Ulice",
    "category": "Electrician",
    "uses_ads": false,
    "performance_score": 82,
    "lcp_value": 2.1
  },
  {
    "company_name": "Instalatérství Jiří Šetina - rozvody vody, odpadu, revize, údržba, rekonstrukce, opravy - služba do 24 hodin České Budějovice",
    "url": "https://instalaterstvi.cz/",
    "location": "Větrná 171, 370 01 České Budějovice 1, Czechia",
    "phone_number": "+420 608 739 567",
    "city": null,
    "category": "Plumber",
    "uses_ads": false,
    "performance_score": 65,
    "lcp_value": 3.5
  },
  {
    "company_name": "Instalatérství topenářství Hájek",
    "url": "https://www.firmy.cz/detail/13215772-instalaterstvi-topenarstvi-hajek-ceske-budejovice-3.html",
    "location": "Kyjevská 98/44, 370 05 České Budějovice 1, Czechia",
    "phone_number": "+420 776 524 716",
    "city": null,
    "category": "Plumber"
  },
  {
    "company_name": "Bedřich Krčka",
    "url": "http://www.instalaterstvicb.cz/",
    "location": "Dlouhá 1053/23, 370 11 České Budějovice 11, Czechia",
    "phone_number": "+420 608 905 457",
    "city": null,
    "category": "Plumber",
    "uses_ads": false,
    "performance_score": 90,
    "lcp_value": 1.5
  },
  {
    "company_name": "Instalatérství ČB - David Zourek",
    "url": "https://www.instalateri-cb.cz/",
    "location": "Holkovská 2199/10, 370 07 České Budějovice 7, Czechia",
    "phone_number": "+420 775 244 606",
    "city": "České Budějovice 7",
    "category": "Plumber",
    "uses_ads": true,
    "performance_score": 38,
    "lcp_value": 4.4
  },
  {
    "company_name": "P + P ŽELEČ, spol. s r.o. Koupelnové studio",
    "url": "https://www.ppzelec.cz/",
    "location": "24, Novohradská 370, 370 01 České Budějovice, Czechia",
    "phone_number": "+420 739 035 022",
    "city": null,
    "category": "Plumber",
    "uses_ads": false,
    "performance_score": 76,
    "lcp_value": 2.4
  },
  {
    "company_name": "Michal Voneš - instalatérské, topenářské a plynařské práce",
    "url": "http://www.instalaterstvi-vones.cz/",
    "location": "Otakarova 1657/38, 370 01 České Budějovice 1, Czechia",
    "phone_number": "+420 721 823 545",
    "city": null,
    "category": "Plumber",
    "uses_ads": false,
    "performance_score": 93,
    "lcp_value": 0.9
  },
  {
    "company_name": "Instalatér, topenář Kuboušek",
    "url": "http://www.kubousekinstalater.cz/",
    "location": null,
    "phone_number": "+420 776 020 304",
    "city": null,
    "category": "Plumber",
    "uses_ads": true,
    "performance_score": 91,
    "lcp_value": 1.4
  },
  {
    "company_name": "FINÁL CB s.r.o.",
    "url": "http://www.final-cb.cz/",
    "location": "Jírovcova 1050/53, 370 04 České Budějovice 4, Czechia",
    "phone_number": "+420 739 154 224",
    "city": null,
    "category": "Plumber",
    "uses_ads": false,
    "performance_score": 92,
    "lcp_value": 1.4
  },
  {
    "company_name": "Instalatérství Prokš CB",
    "url": "https://www.instalaterstviprokscb.cz/",
    "location": null,
    "phone_number": "+420 727 822 830",
    "city": null,
    "category": "Plumber",
    "uses_ads": false,
    "performance_score": 81,
    "lcp_value": 2.9
  },
  {
    "company_name": "Perfect Work s.r.o. voda-topení-plyn-zednické práce",
    "url": "https://perfectworks.cz/",
    "location": "K. Šafáře 220/27, 370 05 České Budějovice 2, Czechia",
    "phone_number": "+420 607 205 186",
    "city": "České Budějovice 2",
    "category": "Plumber"
  },
  {
    "company_name": "Instalatér České Budějovice",
    "url": "http://instalatercb.cz/",
    "location": "Tupesy 34, 373 41 Radošovice-Hluboká nad Vltavou, Czechia",
    "phone_number": "+420 606 757 780",
    "city": "Radošovice-Hluboká nad Vltavou",
    "category": "Plumber",
    "uses_ads": false,
    "performance_score": 63,
    "lcp_value": 9.8
  },
  {
    "company_name": "Proinstal s.r.o.",
    "url": "https://proinstal.sluzby.cz/",
    "location": "Nemanická 440, 370 10 České Budějovice 10, Czechia",
    "phone_number": "+420 387 220 241",
    "city": null,
    "category": "Plumber",
    "uses_ads": false,
    "performance_score": 91,
    "lcp_value": 0.6
  },
  {
    "company_name": "ŠTROB & SPOL., s.r.o. - tepelné čerpadlo VAILLANT, Kompletní servis - zpracování projektu, realizace, servis do 24 h, podpora",
    "url": "https://tepelnacerpadla-ceskebudejovice.cz/",
    "location": "U Voříškova dvora 2868, 370 04 České Budějovice 4, Czechia",
    "phone_number": "+420 387 314 335",
    "city": null,
    "category": "Heating equipment supplier",
    "uses_ads": false,
    "performance_score": 90,
    "lcp_value": 1.1
  },
  {
    "company_name": "Petr Nožička & synové",
    "url": "http://www.nozicka.eu/",
    "location": "Plavská 1978/7, 370 01 České Budějovice 1, Czechia",
    "phone_number": "+420 608 564 663",
    "city": null,
    "category": "Plumber",
    "uses_ads": true,
    "performance_score": 83,
    "lcp_value": 2.2
  },
  {
    "company_name": "Technická a obchodní společnost s.r.o",
    "url": "http://techni-co.cz/",
    "location": "Zvonková 1, 370 07 České Budějovice 7-Rožnov, Czechia",
    "phone_number": "+420 605 440 395",
    "city": "Rožnov",
    "category": "Plumber",
    "uses_ads": false,
    "performance_score": 94,
    "lcp_value": 1.2
  },
  {
    "company_name": "D. I. M. - spol. s r.o.",
    "url": "http://www.dim.cz/",
    "location": "A. Trägera 344, 370 10 České Budějovice 10, Czechia",
    "phone_number": "+420 387 310 255",
    "city": null,
    "category": "Plumber",
    "uses_ads": true,
    "performance_score": 32,
    "lcp_value": 4.8
  },
  {
    "company_name": "Pneuservis Jirouch",
    "url": "http://www.all-in.cz/",
    "location": "M. Horákové 2769, 272 01 Kladno 1-Kročehlavy, Czechia",
    "phone_number": "+420 605 300 055",
    "city": "Kročehlavy",
    "category": "Tire shop",
    "uses_ads": false,
    "performance_score": 62,
    "lcp_value": 1.8
  },
  {
    "company_name": "Motor Servis S.r.o.",
    "url": "https://www.motor-servis.cz/",
    "location": "Hedvábnická 1259, 352 01 Aš 1, Czechia",
    "phone_number": "+420 354 526 133",
    "city": null,
    "category": "Auto repair shop",
    "uses_ads": false,
    "performance_score": 100,
    "lcp_value": 0.6
  },
  {
    "company_name": "IN AUTO Ltd.",
    "url": "https://www.autoin.cz/",
    "location": "Podhoří 361/2, 400 10 Ústí nad Labem-město, Czechia",
    "phone_number": "+420 800 800 654",
    "city": "Ústí nad Labem-město",
    "category": "Car dealer",
    "uses_ads": true,
    "performance_score": 81,
    "lcp_value": 1.7
  },
  {
    "company_name": "Hesti, spol. s r.o.",
    "url": "http://www.hesti.cz/",
    "location": "Spořická 5917, 430 01 Spořice-Chomutov 3, Czechia",
    "phone_number": "+420 474 623 530",
    "city": "Spořice-Chomutov 3",
    "category": "Truck repair shop",
    "uses_ads": true,
    "performance_score": 84,
    "lcp_value": 1.9
  },
  {
    "company_name": "AUTOCENTRUM BEK SsangYong",
    "url": "https://ssangyong.autobek.cz/",
    "location": "Dobětická 3346, 400 01 Ústí nad Labem-město, Czechia",
    "phone_number": "+420 777 150 713",
    "city": "Ústí nad Labem-město",
    "category": "Car dealer",
    "uses_ads": true,
    "performance_score": 20,
    "lcp_value": 20.2
  },
  {
    "company_name": "AUTO-OTTO Autoservis",
    "url": "https://www.autootto.cz/",
    "location": "Vocelova 1176/6, 500 02 Hradec Králové 2, Czechia",
    "phone_number": "+420 606 030 926",
    "city": null,
    "category": "Car repair and maintenance service",
    "uses_ads": true,
    "performance_score": 95,
    "lcp_value": 0.7
  },
  {
    "company_name": "AUTOPLUS II, Ltd.",
    "url": "http://www.autoplusmost.cz/",
    "location": "Rudolická 1730, 434 01 Most 1, Czechia",
    "phone_number": "+420 476 133 111",
    "city": null,
    "category": "Car dealer",
    "uses_ads": true,
    "performance_score": 89,
    "lcp_value": 1.7
  },
  {
    "company_name": "Autocentrum BEK - ŠKODA, Honda, Mazda, Subaru",
    "url": "https://www.autobek.cz/",
    "location": "Dobětická 3346/2, 400 01 Ústí nad Labem-město, Czechia",
    "phone_number": "+420 777 300 942",
    "city": "Ústí nad Labem-město",
    "category": "Car dealer",
    "uses_ads": false,
    "performance_score": 72,
    "lcp_value": 1.4
  },
  {
    "company_name": "AUTO UL Inc.",
    "url": "http://www.autoul.cz/",
    "location": "Havířská 373/25, 400 10 Ústí nad Labem-město, Czechia",
    "phone_number": "+420 475 201 232",
    "city": "Ústí nad Labem-město",
    "category": "Car dealer",
    "uses_ads": false,
    "performance_score": 79,
    "lcp_value": 2.5
  },
  {
    "company_name": "Helvete Ltd.",
    "url": "https://dekra.cz/stkweb/?stk=3521",
    "location": "Spořice 480, 431 01 Spořice, Czechia",
    "phone_number": "+420 474 623 548",
    "city": "Spořice",
    "category": "Car inspection station",
    "uses_ads": false,
    "performance_score": 100,
    "lcp_value": 0.5
  },
  {
    "company_name": "ALGON PLUS - AUTO SpA",
    "url": "https://www.autoalgon.cz/",
    "location": "Stará Ovčárna 2059, 356 01 Sokolov 1, Czechia",
    "phone_number": "+420 352 621 211",
    "city": null,
    "category": "Car dealer",
    "uses_ads": false,
    "performance_score": 95,
    "lcp_value": 1.4
  },
  {
    "company_name": "Autoservis Hradec Králové - MV Auto",
    "url": "http://www.mv-autoservis.cz/",
    "location": "Zemědělská, 500 03 Hradec Králové 3, Czechia",
    "phone_number": "+420 776 823 763",
    "city": null,
    "category": "Auto repair shop",
    "uses_ads": false,
    "performance_score": 53,
    "lcp_value": 2.5
  },
  {
    "company_name": "LKQ Plzeň-východ – profesionální partner a velkoobchodní dodavatel autodílů",
    "url": "http://www.lkq.cz/",
    "location": "Hřbitovní 35, 312 00 Plzeň 4, Czechia",
    "phone_number": "+420 377 470 339",
    "city": "Pilsen 4",
    "category": "Auto body parts supplier",
    "uses_ads": true,
    "performance_score": 16,
    "lcp_value": 5.8
  },
  {
    "company_name": "Zubní Ordinace pro děti a dospělé RADNO",
    "url": "http://www.radno.cz/en/gallery/",
    "location": "Na Rybníčku 1364/12, 120 00 Nové Město, Czechia",
    "phone_number": "+420 602 814 818",
    "city": "New Town",
    "category": "Dental clinic",
    "uses_ads": false,
    "performance_score": 92,
    "lcp_value": 1.3
  },
  {
    "company_name": "DENTIO zubní ordinace",
    "url": "http://dentiopraha.cz/",
    "location": "Korunní 810/104, 101 00 Vinohrady, Czechia",
    "phone_number": "+420 777 528 899",
    "city": "Vinohrady",
    "category": "Dental clinic",
    "uses_ads": false,
    "performance_score": 88,
    "lcp_value": 2.0
  },
  {
    "company_name": "IDEAL SMILE",
    "url": "http://www.idealsmile.cz/",
    "location": "Krakovská 1392/7, 110 00 Nové Město, Czechia",
    "phone_number": "+420 777 070 004",
    "city": "New Town",
    "category": "Dentist",
    "uses_ads": false,
    "performance_score": 88,
    "lcp_value": 1.3
  },
  {
    "company_name": "Omni Dent Clinic s.r.o.",
    "url": "http://www.omnidentclinic.cz/",
    "location": "Omni Dent Clinic s.r.o, Žižkov, Chlumova 206/21, 130 00 Praha 3, Czechia",
    "phone_number": "+420 778 088 115",
    "city": "Prague 3-Žižkov",
    "category": "Dentist",
    "uses_ads": true,
    "performance_score": 49,
    "lcp_value": 3.5
  },
  {
    "company_name": "Milenium Dent | Zubní ordinace Praha | Dental Clinic Prague",
    "url": "http://www.mileniumdent.cz/",
    "location": "Budečská 33, 120 00 Praha 2-Vinohrady, Czechia",
    "phone_number": "+420 777 888 500",
    "city": "Prague 2-Vinohrady",
    "category": "Dentist",
    "uses_ads": true,
    "performance_score": 56,
    "lcp_value": 1.9
  },
  {
    "company_name": "Ivadent | Nejlepší zubní pohotovost",
    "url": "https://ivadent-praha.com/cz",
    "location": "Lukášova 184/1, 130 00 Praha 3-Žižkov, Czechia",
    "phone_number": "+420 775 620 401",
    "city": "Prague 3-Žižkov",
    "category": "Dental clinic",
    "uses_ads": true,
    "performance_score": 91,
    "lcp_value": 1.1
  },
  {
    "company_name": "Magic Smile - Karlovo náměstí",
    "url": "http://www.magicsmile.cz/",
    "location": "Karlovo nám. 292/15, 120 00 Nové Město, Czechia",
    "phone_number": "+420 222 266 200",
    "city": "New Town",
    "category": "Dental clinic",
    "uses_ads": true,
    "performance_score": 79,
    "lcp_value": 2.6
  },
  {
    "company_name": "Elysee Dental Clinique",
    "url": "https://elyseedental.cz/",
    "location": "Francouzská 75/4, 120 00 Praha 2-Vinohrady, Czechia",
    "phone_number": "+420 222 266 206",
    "city": "Prague 2-Vinohrady",
    "category": "Dental clinic",
    "uses_ads": true,
    "performance_score": 85,
    "lcp_value": 1.9
  },
  {
    "company_name": "Privátní zubní ordinace",
    "url": "http://www.k-zubniordinace.cz/",
    "location": "Absolonova 30, 624 00 Brno-Komín, Czechia",
    "phone_number": "+420 541 223 210",
    "city": "Brno-Komín",
    "category": "Dentist",
    "uses_ads": false,
    "performance_score": 44,
    "lcp_value": 1.1
  },
  {
    "company_name": "myTREEDK Ostrava",
    "url": "http://www.mytreedk.cz/",
    "location": "Nad Porubkou 2410, 708 00 Ostrava 8, Czechia",
    "phone_number": "+420 725 514 251",
    "city": null,
    "category": "Dental clinic",
    "uses_ads": true,
    "performance_score": 81,
    "lcp_value": 2.5
  },
  {
    "company_name": "REPREDENT s.r.o. MUDr. Igor Kuczinský - Oprava zubů - bělení zubů | Zubař Ostrava",
    "url": "https://www.repredent.cz/",
    "location": "Českobratrská 7, 702 00 Moravská Ostrava a Přívoz, Czechia",
    "phone_number": "+420 734 312 743",
    "city": "Moravská Ostrava a Přívoz",
    "category": "Dentist",
    "uses_ads": true,
    "performance_score": 93,
    "lcp_value": 1.3
  },
  {
    "company_name": "MDDr. David Mlynář - dentist",
    "url": "http://www.dentimo.cz/",
    "location": "Švabinského 15, 702 00 Moravská Ostrava a Přívoz, Czechia",
    "phone_number": "+420 773 918 787",
    "city": "Moravská Ostrava a Přívoz",
    "category": "Dentist",
    "uses_ads": false,
    "performance_score": 86,
    "lcp_value": 2.2
  },
  {
    "company_name": "Zubní ordinace Nad Porubkou",
    "url": "http://nadporubkou.cz/",
    "location": "Nad Porubkou1235/34A, 721 00 Ostrava, Ostrava, Ostrava-Svinov, Czechia",
    "phone_number": "+420 733 232 237",
    "city": null,
    "category": "Dental clinic",
    "uses_ads": false,
    "performance_score": 85,
    "lcp_value": 1.9
  },
  {
    "company_name": "Dentální centrum Vitkovice",
    "url": "https://www.dcvitkovice.cz/",
    "location": "Ševčenkova 837/6, 703 00 Ostrava 3, Czechia",
    "phone_number": "+420 734 106 212",
    "city": null,
    "category": "Dental clinic",
    "uses_ads": true,
    "performance_score": 66,
    "lcp_value": 2.0
  },
  {
    "company_name": "AJNA dental clinic",
    "url": "http://www.ajnadental.cz/",
    "location": "Poděbradova 2738/16, 702 00 Moravská Ostrava a Přívoz, Czechia",
    "phone_number": "+420 605 334 900",
    "city": "Moravská Ostrava a Přívoz",
    "category": "Dental clinic",
    "uses_ads": false,
    "performance_score": 71,
    "lcp_value": 0.8
  },
  {
    "company_name": "Lukadental",
    "url": "http://www.lukadental.cz/",
    "location": "Hladnovská 2002/7, 710 00 Slezská Ostrava, Czechia",
    "phone_number": "+420 774 612 131",
    "city": "Slezská Ostrava",
    "category": "Dental clinic",
    "uses_ads": true,
    "performance_score": 64,
    "lcp_value": 4.2
  },
  {
    "company_name": "DENTÁLNÍ KLINIKA JAKOVIDIS s.r.o.",
    "url": "https://www.dentalnikj.cz/",
    "location": "U Staré elektrárny 291/11, 710 00 Slezská Ostrava, Czechia",
    "phone_number": "+420 775 520 555",
    "city": "Slezská Ostrava",
    "category": "Dentist",
    "uses_ads": false,
    "performance_score": 96,
    "lcp_value": 1.1
  },
  {
    "company_name": "DentalPark Ltd.",
    "url": "https://dentalpark.cz/",
    "location": "9, Vítězná 1464, Moravská Ostrava, 702 00 Ostrava, Czechia",
    "phone_number": "+420 775 579 759",
    "city": "Moravská Ostrava",
    "category": "Dentist",
    "uses_ads": true,
    "performance_score": 56,
    "lcp_value": 3.4
  },
  {
    "company_name": "MDDr. Václav Lampart a MDDr. Adéla Lampartová",
    "url": "https://zubyostrava.cz/",
    "location": "Repinova 3316/18, 702 00 Moravská Ostrava a Přívoz, Czechia",
    "phone_number": "+420 596 112 219",
    "city": "Moravská Ostrava a Přívoz",
    "category": "Dentist"
  },
  {
    "company_name": "DentalScope s.r.o.",
    "url": "http://www.dentalscope.cz/",
    "location": "2, Poštovní 39, Moravská Ostrava, 702 00 Ostrava, Czechia",
    "phone_number": "+420 605 280 451",
    "city": "Moravská Ostrava",
    "category": "Dentist",
    "uses_ads": false,
    "performance_score": 81,
    "lcp_value": 2.0
  },
  {
    "company_name": "Ajna Dental Emergency",
    "url": "https://www.zubova.cz/",
    "location": "Závodní 2885, 703 00 Ostrava 3, Czechia",
    "phone_number": "+420 771 153 858",
    "city": null,
    "category": "Emergency dental service",
    "uses_ads": false,
    "performance_score": 88,
    "lcp_value": 1.0
  },
  {
    "company_name": "Zubní klinika Ostrava - DENTICS",
    "url": "https://www.dentics.cz/?utm_source=gmb&utm_medium=organic",
    "location": "Plukovníka Rajmunda Prchaly 414/113, 708 00 Ostrava 8, Czechia",
    "phone_number": "+420 775 772 775",
    "city": null,
    "category": "Dentist",
    "uses_ads": true,
    "performance_score": 70,
    "lcp_value": 2.5
  },
  {
    "company_name": "Hofer Dental Clinic",
    "url": "http://www.hoferdental.cz/",
    "location": "Přívozská 703/10, 702 00 Moravská Ostrava a Přívoz, Czechia",
    "phone_number": "+420 604 706 960",
    "city": "Moravská Ostrava a Přívoz",
    "category": "Dentist",
    "uses_ads": true,
    "performance_score": 73,
    "lcp_value": 2.6
  },
  {
    "company_name": "Dental Detail Ltd. - Dental Surgery",
    "url": "https://www.euro-dent.cz/",
    "location": "Na Hradbách 2632/18, 702 00 Moravská Ostrava, Czechia",
    "phone_number": "+420 775 238 166",
    "city": "Moravská Ostrava",
    "category": "Dentist",
    "uses_ads": false,
    "performance_score": 80,
    "lcp_value": 2.3
  },
  {
    "company_name": "MD. Karel Zezula",
    "url": "http://proesthetic-kp.katalog-stomatologu.cz/",
    "location": "U Vozovny 1115/3, 708 00 Ostrava 8, Czechia",
    "phone_number": "+420 596 914 633",
    "city": null,
    "category": "Dentist",
    "uses_ads": true,
    "performance_score": 51,
    "lcp_value": 2.0
  },
  {
    "company_name": "Centrum moderní stomatologie a kosmetologie",
    "url": "https://www.centrum-moderni-stomatologie.cz/",
    "location": "Komarovova 402/6, 700 30 Ostrava-jih, Czechia",
    "phone_number": "+420 736 286 937",
    "city": "Ostrava-jih",
    "category": "Dental implants provider",
    "uses_ads": false,
    "performance_score": 70,
    "lcp_value": 1.6
  },
  {
    "company_name": "Zubní ordinace AMICUS, MDDr. Tomáš Bárta, MDDr. Boris Fencl",
    "url": "http://www.zubniamicus.cz/",
    "location": "Rudná 977/98, 700 30 Ostrava-jih-Zábřeh, Czechia",
    "phone_number": "+420 603 241 068",
    "city": "Ostrava-jih-Zábřeh",
    "category": "Dental clinic",
    "uses_ads": true,
    "performance_score": 56,
    "lcp_value": 2.8
  },
  {
    "company_name": "Dentdelion - zubní ordinace, s.r.o.",
    "url": "https://www.dentdelion.cz/",
    "location": "Kostelní 96/23, 702 00 Moravská Ostrava a Přívoz, Czechia",
    "phone_number": "+420 733 470 040",
    "city": "Moravská Ostrava a Přívoz",
    "category": "Dentist",
    "uses_ads": true,
    "performance_score": 97,
    "lcp_value": 1.1
  },
  {
    "company_name": "Dentica",
    "url": "http://dentica.cz/",
    "location": "Husova 774, 301 00 Plzeň 3-Jižní Předměstí, Czechia",
    "phone_number": "+420 732 270 260",
    "city": "Pilsen 3-Jižní Předměstí",
    "category": "Dentist",
    "uses_ads": false,
    "performance_score": 79,
    "lcp_value": 2.2
  },
  {
    "company_name": "MD. Petra Denková - Dentistry Plzen Ltd.",
    "url": "https://mudr-denkova-petra.katalog-stomatologu.cz/",
    "location": "Kaznějovská 1939/47, 323 00 Plzeň 1-Bolevec, Czechia",
    "phone_number": "+420 377 524 123",
    "city": "Pilsen 1-Bolevec",
    "category": "Dentist",
    "uses_ads": true,
    "performance_score": 49,
    "lcp_value": 2.5
  },
  {
    "company_name": "DENTA - Centrum zubní péče s.r.o.",
    "url": "http://www.dentaplzen.cz/",
    "location": "Spojenců 2130/9, 323 00 Plzeň 1, Czechia",
    "phone_number": "+420 731 658 766",
    "city": "Pilsen 1",
    "category": "Dental clinic",
    "uses_ads": false,
    "performance_score": 66,
    "lcp_value": 2.3
  },
  {
    "company_name": "MD. Klára Blahutová - dentist Plzen",
    "url": "https://www.zubnilekar-plzenbolevec.cz/",
    "location": "Nýřanská 2125/15, 323 00 Plzeň 1-Bolevec, Czechia",
    "phone_number": "+420 728 567 822",
    "city": "Pilsen 1-Bolevec",
    "category": "Dentist"
  },
  {
    "company_name": "Smile Dental",
    "url": "http://www.smiledental.cz/kontakt",
    "location": "Alej Svobody 853/55, 323 00 Plzeň 1, Czechia",
    "phone_number": "+420 377 259 073",
    "city": "Pilsen 1",
    "category": "Dentist",
    "uses_ads": false,
    "performance_score": 89,
    "lcp_value": 1.6
  },
  {
    "company_name": "Soukromá zubní ordinace",
    "url": "http://www.koukolik-zub.cz/",
    "location": "Plachého 937, 301 00 Plzeň 3-Jižní Předměstí, Czechia",
    "phone_number": "+420 377 221 123",
    "city": "Pilsen 3-Jižní Předměstí",
    "category": "Dentist"
  },
  {
    "company_name": "Amident s.r.o. - MDDr. Michael Urban",
    "url": "http://amident.katalog-stomatologu.cz/",
    "location": "Koterovská 2044/124, 326 00 Plzeň 2-Slovany-Východní Předměstí, Czechia",
    "phone_number": "+420 377 431 616",
    "city": "Pilsen 2-Východní Předměstí",
    "category": "Dentist",
    "uses_ads": true,
    "performance_score": 46,
    "lcp_value": 3.1
  },
  {
    "company_name": "Stomatologie a zubní implantáty Poladent s.r.o.",
    "url": "https://www.poladent.cz/",
    "location": "Koterovská 131, 326 00 Plzeň 2-Slovany-Lobzy, Czechia",
    "phone_number": "+420 377 530 861",
    "city": "Pilsen 2-Lobzy",
    "category": "Dental implants provider",
    "uses_ads": true,
    "performance_score": 38,
    "lcp_value": 5.0
  },
  {
    "company_name": "MDDr. Taha Deemyad",
    "url": "https://www.smiledesignstudio.cz/",
    "location": "Purkyňova 35, 301 00 Plzeň 3, Czechia",
    "phone_number": "+420 602 342 839",
    "city": "Pilsen 3",
    "category": "Dental clinic",
    "uses_ads": false,
    "performance_score": 74,
    "lcp_value": 2.8
  },
  {
    "company_name": "Zubní ordinace U modrého zubu",
    "url": "http://www.modryzub.eu/",
    "location": "22, Francouzská tř. 1865, Východní Předměstí, 326 00 Plzeň 2-Slovany, Czechia",
    "phone_number": null,
    "city": "Pilsen 2-Východní Předměstí",
    "category": "Doctor",
    "uses_ads": false,
    "performance_score": 97,
    "lcp_value": 0.8
  },
  {
    "company_name": "Dentima sro",
    "url": "https://www.dentima.cz/",
    "location": "Klatovská tř. 54, 301 00 Plzeň 3, Czechia",
    "phone_number": "+420 377 247 229",
    "city": "Pilsen 3",
    "category": "Dental clinic",
    "uses_ads": false,
    "performance_score": 69,
    "lcp_value": 1.0
  },
  {
    "company_name": "Dr. Justová Ltd.",
    "url": "http://www.zubni-justova.cz/",
    "location": "Otýlie Beníškové 4, 301 00 Plzeň 1, Czechia",
    "phone_number": "+420 377 235 322",
    "city": "Pilsen 1",
    "category": "Dental clinic",
    "uses_ads": false,
    "performance_score": 78,
    "lcp_value": 2.1
  },
  {
    "company_name": "DENTONIA s.r.o.",
    "url": "http://www.dentonia.cz/",
    "location": "Na Chmelnicích 1691/67, 323 00 Plzeň 1-Severní Předměstí, Czechia",
    "phone_number": "+420 771 177 955",
    "city": "Pilsen 1-Severní Předměstí",
    "category": "Dental clinic",
    "uses_ads": true,
    "performance_score": 81,
    "lcp_value": 1.6
  },
  {
    "company_name": "Apolona Dental s.r.o.",
    "url": "http://apolonadental.cz/",
    "location": "Nádražní 2495/20, 301 00 Plzeň 3-Východní Předměstí, Czechia",
    "phone_number": "+420 602 610 613",
    "city": "Pilsen 3-Východní Předměstí",
    "category": "Dentist",
    "uses_ads": false,
    "performance_score": 93,
    "lcp_value": 1.1
  },
  {
    "company_name": "Zubní centrum Nerudovka s.r.o.",
    "url": "http://zubni-nerudovka.cz/",
    "location": "Nerudova 960/19, 301 00 Plzeň 3, Czechia",
    "phone_number": "+420 773 281 977",
    "city": "Pilsen 3",
    "category": "Dental clinic",
    "uses_ads": false,
    "performance_score": 86,
    "lcp_value": 1.5
  },
  {
    "company_name": "Dentali dental clinic Liberec",
    "url": "http://www.dentali.cz/",
    "location": "Moskevská 41, 460 01 Liberec, Czechia",
    "phone_number": "+420 776 775 060",
    "city": "Liberec",
    "category": "Dentist",
    "uses_ads": true,
    "performance_score": 67,
    "lcp_value": 1.9
  },
  {
    "company_name": "Bohem dent s.r.o.",
    "url": "http://www.zubari-liberec.cz/",
    "location": "Liberec-Staré Město CZ, Masarykova 741/26, 460 01 Liberec-Staré Město, Czechia",
    "phone_number": "+420 724 906 996",
    "city": "Staré Město",
    "category": "Dentist",
    "uses_ads": true,
    "performance_score": 52,
    "lcp_value": 8.2
  },
  {
    "company_name": "Dolident Ltd.",
    "url": "http://www.dolident.cz/",
    "location": "Ampérova 649, 463 12 Liberec-Doubí, Czechia",
    "phone_number": "+420 733 734 794",
    "city": "Liberec-Doubí",
    "category": "Dentist",
    "uses_ads": true,
    "performance_score": 69,
    "lcp_value": 2.3
  },
  {
    "company_name": "Kittler Dent - zubní ordinace, dentální hygiena, Implantáty, Fazety, Korunky",
    "url": "https://www.kittlerdent.cz/",
    "location": "Doubská 997, 460 06 Liberec-Rochlice, Czechia",
    "phone_number": "+420 606 656 193",
    "city": "Liberec-Rochlice",
    "category": "Cosmetic dentist",
    "uses_ads": true,
    "performance_score": 55,
    "lcp_value": 3.0
  },
  {
    "company_name": "LB Dent s.r.o.",
    "url": "http://www.lbdent.cz/",
    "location": "Zlínská 611/1, 460 07 Liberec-Jeřáb, Czechia",
    "phone_number": "+420 731 765 440",
    "city": "Liberec-Jeřáb",
    "category": "Doctor",
    "uses_ads": false,
    "performance_score": 62,
    "lcp_value": 3.8
  },
  {
    "company_name": "dent RB",
    "url": "https://www.rbdent.cz/",
    "location": "U Domoviny 491, 460 01 Liberec, Czechia",
    "phone_number": "+420 603 579 191",
    "city": "Liberec",
    "category": "Dentist",
    "uses_ads": false,
    "performance_score": 65,
    "lcp_value": 5.3
  },
  {
    "company_name": "DENTÁLNÍ HYGIENA,ZUBNÍ ORDINACE - MDDr. Weltmann Jakub",
    "url": "http://www.veselyzubar.cz/",
    "location": "Ještědská 387/32, 460 07 Liberec-Horní Růžodol, Czechia",
    "phone_number": "+420 777 765 154",
    "city": "Liberec-Horní Růžodol",
    "category": "Dental clinic",
    "uses_ads": true,
    "performance_score": 92,
    "lcp_value": 1.4
  },
  {
    "company_name": "Global-Dent s.r.o.",
    "url": "http://paleckova-zubar.cz/",
    "location": "Valdštejnská 401, 460 01 Liberec, Czechia",
    "phone_number": "+420 485 111 178",
    "city": "Liberec",
    "category": "Dentist",
    "uses_ads": false,
    "performance_score": 80,
    "lcp_value": 1.5
  },
  {
    "company_name": "MUDr. Lenka Čejková - zubní lékař",
    "url": "https://mudr-lenka-cejkova-zubni-lekar.webnode.cz/",
    "location": "Oblačná 450/1, 460 05 Liberec, Czechia",
    "phone_number": "+420 731 483 350",
    "city": "Liberec",
    "category": "Dentist",
    "uses_ads": true,
    "performance_score": 96,
    "lcp_value": 1.0
  },
  {
    "company_name": "Praktický zubní lékař",
    "url": "http://www.dentalnipece.cz/",
    "location": "Lužická 692, 460 01 Liberec, Czechia",
    "phone_number": "+420 733 311 514",
    "city": "Liberec",
    "category": "Dentist",
    "uses_ads": false,
    "performance_score": 90,
    "lcp_value": 1.1
  },
  {
    "company_name": "AAdent dental surgery",
    "url": "https://www.dentalnisro.cz/",
    "location": "Boleslavova 1136/4, 460 06 Liberec, Czechia",
    "phone_number": "+420 606 367 953",
    "city": "Liberec",
    "category": "Doctor",
    "uses_ads": false,
    "performance_score": 63,
    "lcp_value": 1.8
  },
  {
    "company_name": "MDDr. Václav Serdel s.r.o.",
    "url": "http://www.stomatologie-liberec.cz/",
    "location": "Moskevská 638/8, 460 01 Liberec, Czechia",
    "phone_number": "+420 735 072 351",
    "city": "Liberec",
    "category": "Dentist",
    "uses_ads": true,
    "performance_score": 87,
    "lcp_value": 1.3
  },
  {
    "company_name": "Liberecká dentální, s.r.o.",
    "url": "http://www.libdent.cz/",
    "location": "Palác Dunaj, Nám. Soukenné 121/1, Perštýn, 460 01 Liberec, Czechia",
    "phone_number": "+420 482 713 418",
    "city": "Liberec-Perštýn",
    "category": "Dentist",
    "uses_ads": false,
    "performance_score": 98,
    "lcp_value": 0.8
  },
  {
    "company_name": "ProZub - MDDr. Jiří Baader",
    "url": "http://prozub.cz/",
    "location": "Růžová 292/6, 460 01 Liberec, Czechia",
    "phone_number": "+420 799 799 219",
    "city": "Liberec",
    "category": "Dentist",
    "uses_ads": false,
    "performance_score": 94,
    "lcp_value": 1.0
  },
  {
    "company_name": "ProZub Liberec",
    "url": "https://prozub.cz/",
    "location": "Růžová 323, 460 01 Liberec, Czechia",
    "phone_number": "+420 799 799 219",
    "city": "Liberec",
    "category": "Dentist",
    "uses_ads": false,
    "performance_score": 96,
    "lcp_value": 0.9
  },
  {
    "company_name": "Zubní ordinace MDDr. Ondřej Břenek",
    "url": "http://www.plnyzuby.cz/",
    "location": "Kozinova Ulice 1073/11, 460 01 Liberec, Czechia",
    "phone_number": "+420 736 646 054",
    "city": "Liberec",
    "category": "Dentist",
    "uses_ads": false,
    "performance_score": 98,
    "lcp_value": 1.0
  },
  {
    "company_name": "Hájniky DENTAL Ltd.",
    "url": "http://www.hajnikdental.cz/",
    "location": "15, Jeronýmova 232, Horní Růžodol, 460 07 Liberec, Czechia",
    "phone_number": "+420 602 363 696",
    "city": "Liberec-Horní Růžodol",
    "category": "Dentist",
    "uses_ads": false,
    "performance_score": 100,
    "lcp_value": 0.7
  },
  {
    "company_name": "MDDr. Eva Mozoľová",
    "url": "https://www.emdental.cz/",
    "location": "Wellnerova 3a, 779 00 Olomouc 9, Czechia",
    "phone_number": "+420 605 598 456",
    "city": null,
    "category": "Dentist",
    "uses_ads": true,
    "performance_score": 88,
    "lcp_value": 1.0
  },
  {
    "company_name": "Dental Sphere",
    "url": "https://www.dentalsphere.cz/",
    "location": "tř. Kosmonautů 1338/1c vchod M (vedle lékárny), 1. patro 779 00, 9 Olomouc 9, Czechia",
    "phone_number": "+420 737 111 237",
    "city": null,
    "category": "Dental clinic",
    "uses_ads": false,
    "performance_score": 82,
    "lcp_value": 1.0
  },
  {
    "company_name": "Dental surgery Einstein 21a Ltd.",
    "url": "http://www.bhl-dent.cz/",
    "location": "Sokolská 5, 779 00 Olomouc 9, Czechia",
    "phone_number": "+420 774 287 367",
    "city": null,
    "category": "Dentist",
    "uses_ads": true,
    "performance_score": 77,
    "lcp_value": 2.4
  },
  {
    "company_name": "Zubní ordinace MDDr. Michaela Baránková",
    "url": "http://www.silesiandentist.cz/",
    "location": "Hněvotínská 1394/59, 779 00 Olomouc 9, Czechia",
    "phone_number": "+420 736 196 261",
    "city": null,
    "category": "Dentist",
    "uses_ads": true,
    "performance_score": 90,
    "lcp_value": 1.6
  },
  {
    "company_name": "MUDr. Jan Paroulek, CSc.",
    "url": "http://www.paroulek.cz/index.php/kontakt",
    "location": "Horní lán 1231, 779 00 Olomouc 9, Czechia",
    "phone_number": "+420 585 412 119",
    "city": null,
    "category": "Cosmetic dentist",
    "uses_ads": false,
    "performance_score": 69,
    "lcp_value": 1.6
  },
  {
    "company_name": "CENTRUM ZUBNÍ MEDICÍNY s. r. o.",
    "url": "https://www.dentaldesign.cz/",
    "location": "1g, Rokycanova 796, 779 00 Olomouc, Czechia",
    "phone_number": "+420 778 956 030",
    "city": null,
    "category": "Dentist",
    "uses_ads": true,
    "performance_score": 71,
    "lcp_value": 3.0
  },
  {
    "company_name": "LIBENTO Dental Clinic",
    "url": "http://www.libento.cz/",
    "location": "Bořivojova 540/30a, 779 00 Olomouc 9-Lazce, Czechia",
    "phone_number": "+420 605 537 821",
    "city": "Lazce",
    "category": "Dentist",
    "uses_ads": true,
    "performance_score": 56,
    "lcp_value": 4.0
  },
  {
    "company_name": "BB stomatologie s.r.o.",
    "url": "http://www.mojeosmicky.cz/",
    "location": "Polívkova 465/51, 779 00 Olomouc 9, Czechia",
    "phone_number": "+420 774 329 326",
    "city": null,
    "category": "Dentist",
    "uses_ads": true,
    "performance_score": 78,
    "lcp_value": 2.2
  },
  {
    "company_name": "Štefka Martin MUDr.",
    "url": "http://medivize.cz/",
    "location": "Demlova 518/18, 779 00 Olomouc 9, Czechia",
    "phone_number": "+420 585 223 326",
    "city": null,
    "category": "Doctor",
    "uses_ads": false,
    "performance_score": 97,
    "lcp_value": 1.0
  },
  {
    "company_name": "Dentální centrum LFDENT OLOMOUC - KRÁSNÝ ÚSMĚV",
    "url": "https://www.vaskrasnyusmev.cz/",
    "location": "budova polikliniky u Tržnice, tř. Svobody 1067/32, 779 00 Olomouc 9, Czechia",
    "phone_number": "+420 774 518 059",
    "city": null,
    "category": "Orthodontist",
    "uses_ads": false,
    "performance_score": 74,
    "lcp_value": 2.6
  },
  {
    "company_name": "BRAZDA DENTAL s.r.o.",
    "url": "https://brazdadental.cz/",
    "location": "30a, Bořivojova 540, 779 00 Olomouc, Czechia",
    "phone_number": "+420 607 068 020",
    "city": null,
    "category": "Dentist",
    "uses_ads": false,
    "performance_score": 83,
    "lcp_value": 0.9
  },
  {
    "company_name": "OLDENT - DENTAL SURGERY",
    "url": "http://www.oldent.cz/",
    "location": "Štítného 1, 779 00 Olomouc 9, Czechia",
    "phone_number": "+420 585 222 198",
    "city": null,
    "category": "Dentist",
    "uses_ads": false,
    "performance_score": 89,
    "lcp_value": 1.0
  },
  {
    "company_name": "DENT - zubní klinika",
    "url": "https://kamenicekstoma.cz/#utm_source=firmy.cz&utm_medium=ppd&utm_campaign=firmy.cz-13051197",
    "location": "Kollárovo nám. 697/9, 779 00 Olomouc 9, Czechia",
    "phone_number": "+420 775 573 192",
    "city": null,
    "category": "Dentist"
  },
  {
    "company_name": "Stomatochirurgické a implantologické centrum Olomouc, spol. s r.o.",
    "url": "https://stomchircentrum.cz/",
    "location": "Jeremenkova 1082/36, 772 00 Olomouc 9-Hodolany, Czechia",
    "phone_number": "+420 585 220 058",
    "city": "Hodolany",
    "category": "Dentist",
    "uses_ads": false,
    "performance_score": 84,
    "lcp_value": 0.7
  },
  {
    "company_name": "JSmile stomatologie s.r.o.",
    "url": "http://jsmile.cz/",
    "location": "nám. Národních hrdinů 769 3. patro 779 00, 9 Olomouc 9, Czechia",
    "phone_number": "+420 777 345 763",
    "city": null,
    "category": "Dental clinic",
    "uses_ads": false,
    "performance_score": 48,
    "lcp_value": 2.8
  },
  {
    "company_name": "Perdent - MDDr. Vít Pernička",
    "url": "https://www.perdent.cz/",
    "location": "9 Olomouc 9 CZ, Jakoubka ze Stříbra 6, 779 00 Olomouc, Czechia",
    "phone_number": "+420 722 122 455",
    "city": null,
    "category": "Dentist",
    "uses_ads": false,
    "performance_score": 83,
    "lcp_value": 2.1
  },
  {
    "company_name": "MDDr. Petra Vejrostová - zubní ordinace",
    "url": "http://www.petravejrostova.cz/",
    "location": "Pavlovická 57/9, 779 00 Olomouc 9-Pavlovičky, Czechia",
    "phone_number": null,
    "city": "Pavlovičky",
    "category": "Dentist",
    "uses_ads": false,
    "performance_score": 86,
    "lcp_value": 1.5
  },
  {
    "company_name": "DentalCare",
    "url": "http://www.dentalcarecb.cz/",
    "location": "Stradonická 2296, 370 07 České Budějovice 7-Rožnov, Czechia",
    "phone_number": "+420 608 110 000",
    "city": "Rožnov",
    "category": "Dental clinic",
    "uses_ads": true,
    "performance_score": 30,
    "lcp_value": 8.8
  },
  {
    "company_name": "DentiSmile",
    "url": "https://www.dentismile.cz/",
    "location": "Jírovcova 1623/15, 370 01 České Budějovice 1, Czechia",
    "phone_number": "+420 725 315 343",
    "city": null,
    "category": "Dentist",
    "uses_ads": true,
    "performance_score": 74,
    "lcp_value": 2.2
  },
  {
    "company_name": "MUDr. Jakub Fousek",
    "url": "https://fousekclinic.cz/",
    "location": "Husova tř. 478/88, 370 05 České Budějovice 2, Czechia",
    "phone_number": "+420 773 638 433",
    "city": "České Budějovice 2",
    "category": "Dentist",
    "uses_ads": false,
    "performance_score": 96,
    "lcp_value": 1.3
  },
  {
    "company_name": "DENTIST",
    "url": "https://www.facebook.com/pg/Zubn%C3%AD-praxe-pivovarsk%C3%A1-280051045981325/about/",
    "location": "Pivovarská 217/6, 370 01 České Budějovice 7, Czechia",
    "phone_number": "+420 770 179 392",
    "city": "České Budějovice 7",
    "category": "Dentist",
    "uses_ads": false,
    "performance_score": 87,
    "lcp_value": 1.9
  },
  {
    "company_name": "Like - Dent sro",
    "url": "https://www.like-dent.cz/kontakty.html",
    "location": "Skuherského 68a, 370 01 České Budějovice 1, Czechia",
    "phone_number": "+420 732 536 117",
    "city": null,
    "category": "Dentist",
    "uses_ads": false,
    "performance_score": 74,
    "lcp_value": 0.8
  },
  {
    "company_name": "Zubní Lékař Vlniešková Věra MUDr.",
    "url": "https://mudr-vera-vlnieskova.katalog-stomatologu.cz/",
    "location": "Komenského 234, 370 01 České Budějovice 1, Czechia",
    "phone_number": "+420 386 357 001",
    "city": null,
    "category": "Dentist",
    "uses_ads": true,
    "performance_score": 54,
    "lcp_value": 1.9
  },
  {
    "company_name": "Stomatologie Matas - MDDr. Tomáš Matas",
    "url": "https://www.stomatologie-matas.cz/?utm_source=google&utm_medium=wix_google_business_profile&utm_campaign=14270425668555268877",
    "location": "Pražská tř. 1014/71, 370 04 České Budějovice 4, Czechia",
    "phone_number": "+420 725 304 866",
    "city": null,
    "category": "Dentist",
    "uses_ads": false,
    "performance_score": 90,
    "lcp_value": 0.9
  },
  {
    "company_name": "MUDr. Martin Ehrenberger",
    "url": "http://mudr-martin-ehrenberger.katalog-stomatologu.cz/",
    "location": "České Vrbné 1971, 370 11 České Budějovice 11, Czechia",
    "phone_number": "+420 385 524 616",
    "city": null,
    "category": "Dentist",
    "uses_ads": true,
    "performance_score": 47,
    "lcp_value": 2.2
  },
  {
    "company_name": "MDDr. Andrea Tondrová",
    "url": "https://www.drtondrova.cz/",
    "location": "Na Vyhlídce 2209/6, 373 16 Dobrá Voda u Českých Budějovic, Czechia",
    "phone_number": "+420 724 777 317",
    "city": null,
    "category": "Dental clinic",
    "uses_ads": true,
    "performance_score": 86,
    "lcp_value": 2.1
  },
  {
    "company_name": "MUDr. Michaela Mallátová Dentlaser s.r.o.",
    "url": "https://www.dentlaser.cz/",
    "location": "Matice školské 1786/17, 370 01 České Budějovice 1, Czechia",
    "phone_number": "+420 387 730 533",
    "city": null,
    "category": "Dentist",
    "uses_ads": true,
    "performance_score": 92,
    "lcp_value": 0.9
  },
  {
    "company_name": "MDDr.Martina Straková",
    "url": "http://www.strakovaordinace.cz/",
    "location": "7 České Budějovice-České Budějovice 7 CZ, Lidická tř. 439/78, 370 01 České Budějovice, Czechia",
    "phone_number": "+420 774 303 771",
    "city": null,
    "category": "Dentist",
    "uses_ads": false,
    "performance_score": 81,
    "lcp_value": 2.2
  },
  {
    "company_name": "2D dent s.r.o.",
    "url": "http://www.2d-dent.cz/",
    "location": "Jaroslava Haška 1818, 370 04 České Budějovice 3, Czechia",
    "phone_number": "+420 387 318 494",
    "city": "České Budějovice 3",
    "category": "Dentist",
    "uses_ads": true,
    "performance_score": 86,
    "lcp_value": 2.0
  },
  {
    "company_name": "Dental Surgery",
    "url": "https://zubnipececb.cz/",
    "location": "Roudenská 523, 370 01 České Budějovice 1, Czechia",
    "phone_number": "+420 777 867 545",
    "city": null,
    "category": "Dentist",
    "uses_ads": false,
    "performance_score": 60,
    "lcp_value": 2.3
  }
]